id,name,artist,album,release_date,popularity,duration_ms,genres,album_art_url,combined_features
1QmCRcCgIBWhZwERTJoTwX,"Mental Manadhil (From ""O Kadhal Kanmani"")",A.R. Rahman,"Mental Manadhil (From ""O Kadhal Kanmani"")",2015-03-20,26,210000,"tamil pop, kollywood, bollywood, sufi, hindi pop, desi, tamil dance",https://i.scdn.co/image/ab67616d0000b273a1d7cabe6333ee97f8d6e6b1,"A.R. Rahman Mental Manadhil (From ""O Kadhal Kanmani"") tamil pop, kollywood, bollywood, sufi, hindi pop, desi, tamil dance"
5KZyOG8LZsBrHjuEdNyZHa,Omana Penne,A.R. Rahman,Vinnaithaandi Varuvaayaa (Original Motion Picture Soundtrack),2010-01-11,58,332586,"tamil pop, kollywood, bollywood, sufi, hindi pop, desi, tamil dance",https://i.scdn.co/image/ab67616d0000b27304e62c113ddc91c2957f53c1,"A.R. Rahman Vinnaithaandi Varuvaayaa (Original Motion Picture Soundtrack) tamil pop, kollywood, bollywood, sufi, hindi pop, desi, tamil dance"
1ZbfvUHBfdODgIL70sk6XR,Aathangara Orathil,Harris Jayaraj,Yaan (Original Motion Picture Soundtrack),2014-05-14,57,264666,"tamil pop, kollywood, tamil dance",https://i.scdn.co/image/ab67616d0000b273cd4b597d4ab359d5075e04c7,"Harris Jayaraj Yaan (Original Motion Picture Soundtrack) tamil pop, kollywood, tamil dance"
0uEtUhy8xAX1fJFiqNs5sr,Kaara Aattakkaara,A.R. Rahman,O Kadhal Kanmani (Original Motion Picture Soundtrack),2015-04-07,48,336810,"tamil pop, kollywood, bollywood, sufi, hindi pop, desi, tamil dance",https://i.scdn.co/image/ab67616d0000b2732318539f1b037d942fafa581,"A.R. Rahman O Kadhal Kanmani (Original Motion Picture Soundtrack) tamil pop, kollywood, bollywood, sufi, hindi pop, desi, tamil dance"
1VBkQidkoJXhQPJsAvSkNP,Nenjukulla Nee,"Vijay Prakash,Diwakar,Ajesh",Vadacurry (Original Motion Picture Soundtrack),2014-09-16,0,298760,,https://i.scdn.co/image/ab67616d0000b2738d0487e5174d5656795c7b84,"Vijay Prakash,Diwakar,Ajesh Vadacurry (Original Motion Picture Soundtrack) "
6NwEpX2JUWHVKWfDDfcqC4,Idhazhin Oram - The Innocence of Love,Anirudh Ravichander,3 (Original Motion Picture Soundtrack),2011-12-23,67,204866,"tamil pop, kollywood, tamil dance, tollywood, tamil hip hop, telugu pop",https://i.scdn.co/image/ab67616d0000b2730d66934f5370419636c78f18,"Anirudh Ravichander 3 (Original Motion Picture Soundtrack) tamil pop, kollywood, tamil dance, tollywood, tamil hip hop, telugu pop"
3YfG9ch4qcYbDhwVtDuzQm,"Thuli Thuli (From ""Paiya"")",Yuvan Shankar Raja,All About Love: Yuvanshankar Raja,2018-08-31,51,283346,"tamil pop, kollywood, tamil dance, tamil hip hop, tollywood",https://i.scdn.co/image/ab67616d0000b273cbb852c7ef0daf9f87816138,"Yuvan Shankar Raja All About Love: Yuvanshankar Raja tamil pop, kollywood, tamil dance, tamil hip hop, tollywood"
7JqpYvigO9X4QY3W9QTArZ,Arabu Naadu,Haricharan,Thottal Poo Malarum,2007-06-30,52,322013,"mollywood, tamil pop, tollywood, telugu pop, malayalam pop, kollywood, tamil dance, kannada pop",https://i.scdn.co/image/ab67616d0000b273d3666287f1544231a4c39346,"Haricharan Thottal Poo Malarum mollywood, tamil pop, tollywood, telugu pop, malayalam pop, kollywood, tamil dance, kannada pop"
0j5PDjpBsLIEQdRVSoXFBv,Kanaa Kaangiren,G. V. Prakash,Anandha Thaandavam (Original Motion Picture Soundtrack),2008-10-03,56,345560,"tamil pop, kollywood, tamil dance, tollywood, tamil hip hop",https://i.scdn.co/image/ab67616d0000b2737648a068e9518d1aaa15e1b5,"G. V. Prakash Anandha Thaandavam (Original Motion Picture Soundtrack) tamil pop, kollywood, tamil dance, tollywood, tamil hip hop"
2HMHzctE8A400bsLxcWwya,"Sandakari Neethan (From ""Sangathamizhan"")",Vivek - Mervin,"Sandakari Neethan (From ""Sangathamizhan"")",2019-09-13,53,250000,"tamil pop, tamil dance, kollywood, tamil indie",https://i.scdn.co/image/ab67616d0000b273e11695e15d77c24e4f1acc57,"Vivek - Mervin Sandakari Neethan (From ""Sangathamizhan"") tamil pop, tamil dance, kollywood, tamil indie"
3h0W7VWNFZsll7EHTAQWlh,Minnalgal Koothadum,Karthik,Polladhavan (Original Motion Picture Soundtrack),2021-06-15,0,409547,"telugu pop, tollywood, tamil pop, kollywood, kannada pop, tamil dance, malayalam pop, mollywood",https://i.scdn.co/image/ab67616d0000b27374d5c04c496f12e839948f45,"Karthik Polladhavan (Original Motion Picture Soundtrack) telugu pop, tollywood, tamil pop, kollywood, kannada pop, tamil dance, malayalam pop, mollywood"
68kb4S1XJcLO9jn6sDwSU1,Kannukkul Kannai,A.R. Rahman,Vinnaithaandi Varuvaayaa (Original Motion Picture Soundtrack),2010-01-11,51,232840,"tamil pop, kollywood, bollywood, sufi, hindi pop, desi, tamil dance",https://i.scdn.co/image/ab67616d0000b27304e62c113ddc91c2957f53c1,"A.R. Rahman Vinnaithaandi Varuvaayaa (Original Motion Picture Soundtrack) tamil pop, kollywood, bollywood, sufi, hindi pop, desi, tamil dance"
7mMkw0JFKnyMS6oGRT6b3O,Mannipaaya,A.R. Rahman,Vinnaithaandi Varuvaayaa (Original Motion Picture Soundtrack),2010-01-11,57,416320,"tamil pop, kollywood, bollywood, sufi, hindi pop, desi, tamil dance",https://i.scdn.co/image/ab67616d0000b27304e62c113ddc91c2957f53c1,"A.R. Rahman Vinnaithaandi Varuvaayaa (Original Motion Picture Soundtrack) tamil pop, kollywood, bollywood, sufi, hindi pop, desi, tamil dance"
3hw1iGc2WAhHG4DFPcu80r,Loosu Pennae,Silambarasan TR,Vallavan (Original Motion Picture Soundtrack),2006-06-01,0,407447,"tamil dance, tamil pop, kollywood, tamil hip hop",https://i.scdn.co/image/ab67616d0000b273a48ce77419d7545cca941e7a,"Silambarasan TR Vallavan (Original Motion Picture Soundtrack) tamil dance, tamil pop, kollywood, tamil hip hop"
6XmBh5HSdVzEAaqzEftL9t,Adi Penne (Duet) - From Naam Series,Stephen Zechariah,Adi Penne (Duet) [From Naam Series],2021-03-08,62,301862,"tamil indie, tamil hip hop, tamil pop, kollywood",https://i.scdn.co/image/ab67616d0000b27375dda072b4aeb883ac58347b,"Stephen Zechariah Adi Penne (Duet) [From Naam Series] tamil indie, tamil hip hop, tamil pop, kollywood"
1AbSrAwrzuC3FcDXoYi3ED,Naan Nee,Santhosh Narayanan,Madras (Original Motion Picture Soundtrack),2014-06-23,64,253582,"tamil pop, kollywood, tamil hip hop, tamil dance",https://i.scdn.co/image/ab67616d0000b27399aa1a7878bfb3075d81ebc6,"Santhosh Narayanan Madras (Original Motion Picture Soundtrack) tamil pop, kollywood, tamil hip hop, tamil dance"
0yfkqxC4FblTDte3qQywh4,Nalla Nanban,Mohan C Lazarus,Sinthanai Sei Maname,1986-01-01,0,369266,,https://i.scdn.co/image/ab67616d0000b2731470504143d06f76a4965af1,Mohan C Lazarus Sinthanai Sei Maname 
5Dt0kqbOGI2YXeJ2X94na6,Nee Vandhu Ponadhu,Harris Jayaraj,Yaan (Original Motion Picture Soundtrack),2014-05-14,32,384626,"tamil pop, kollywood, tamil dance",https://i.scdn.co/image/ab67616d0000b273cd4b597d4ab359d5075e04c7,"Harris Jayaraj Yaan (Original Motion Picture Soundtrack) tamil pop, kollywood, tamil dance"
6cZcVAjgELRB6w9h6jaYtJ,Thozhiya,Harish Raghavendra,Kadhalil Vizhundhen,2007-12-07,54,296724,"tamil pop, kollywood, telugu pop, tollywood",https://i.scdn.co/image/ab67616d0000b273a6aa244dc7a4785cbd19b40a,"Harish Raghavendra Kadhalil Vizhundhen tamil pop, kollywood, telugu pop, tollywood"
1zAkNzJZVPrWDCnowb1vpZ,Oh Penne,Anirudh Ravichander,Vanakkam Chennai (Original Motion Picture Soundtrack),2013-07-31,62,276400,"tamil pop, kollywood, tamil dance, tollywood, tamil hip hop, telugu pop",https://i.scdn.co/image/ab67616d0000b27335e00bf518c28471731ee55c,"Anirudh Ravichander Vanakkam Chennai (Original Motion Picture Soundtrack) tamil pop, kollywood, tamil dance, tollywood, tamil hip hop, telugu pop"
06urexU7lv41RDdLnMzChi,Oh! Shanthi Shanthi,Harris Jayaraj,Vaaranam Aayiram (Original Motion Picture Soundtrack),2008-10-08,55,183533,"tamil pop, kollywood, tamil dance",https://i.scdn.co/image/ab67616d0000b273812bfb4e32feb448e527e8b1,"Harris Jayaraj Vaaranam Aayiram (Original Motion Picture Soundtrack) tamil pop, kollywood, tamil dance"
7xV3MCJ6YI3K4I6Jt1a9H7,Osaka Osaka,Anirudh Ravichander,Vanakkam Chennai (Original Motion Picture Soundtrack),2013-07-31,56,368106,"tamil pop, kollywood, tamil dance, tollywood, tamil hip hop, telugu pop",https://i.scdn.co/image/ab67616d0000b27335e00bf518c28471731ee55c,"Anirudh Ravichander Vanakkam Chennai (Original Motion Picture Soundtrack) tamil pop, kollywood, tamil dance, tollywood, tamil hip hop, telugu pop"
5v7gCLVyLgpO5L6zdeXULd,Sonapareeya,A.R. Rahman,Maryan (Original Motion Picture Soundtrack),2013-05-13,55,249293,"tamil pop, kollywood, bollywood, sufi, hindi pop, desi, tamil dance",https://i.scdn.co/image/ab67616d0000b273453744769f58164eb7dd90c8,"A.R. Rahman Maryan (Original Motion Picture Soundtrack) tamil pop, kollywood, bollywood, sufi, hindi pop, desi, tamil dance"
6zdikHQs2PBFgGIZBxqOeV,Po Nee Po - The Pain of Love,Anirudh Ravichander,3 (Original Motion Picture Soundtrack),2011-12-23,63,251786,"tamil pop, kollywood, tamil dance, tollywood, tamil hip hop, telugu pop",https://i.scdn.co/image/ab67616d0000b2730d66934f5370419636c78f18,"Anirudh Ravichander 3 (Original Motion Picture Soundtrack) tamil pop, kollywood, tamil dance, tollywood, tamil hip hop, telugu pop"
0bsKVzQqZj7mgEHhP3yZmw,Tamil Pasanga,G. V. Prakash,Thalaivaa (Original Motion Picture Soundtrack),2013-06-21,37,307493,"tamil pop, kollywood, tamil dance, tollywood, tamil hip hop",https://i.scdn.co/image/ab67616d0000b2736a567a1c612bb9c3985a5a5f,"G. V. Prakash Thalaivaa (Original Motion Picture Soundtrack) tamil pop, kollywood, tamil dance, tollywood, tamil hip hop"
1PSz9VCtLOo4sgcFluNMPu,Mayam Seidhayo,Vijay Antony,Velayudham (Original Motion Picture Soundtrack),2011-08-29,48,254653,"tamil dance, tamil pop, kollywood, tamil hip hop",https://i.scdn.co/image/ab67616d0000b273fb28a69b4a27faf048a7b2d3,"Vijay Antony Velayudham (Original Motion Picture Soundtrack) tamil dance, tamil pop, kollywood, tamil hip hop"
1QuZBM0iHDlr1oRVyeZypC,Anbil Avan,A.R. Rahman,Vinnaithaandi Varuvaayaa (Original Motion Picture Soundtrack),2010-01-11,60,251973,"tamil pop, kollywood, bollywood, sufi, hindi pop, desi, tamil dance",https://i.scdn.co/image/ab67616d0000b27304e62c113ddc91c2957f53c1,"A.R. Rahman Vinnaithaandi Varuvaayaa (Original Motion Picture Soundtrack) tamil pop, kollywood, bollywood, sufi, hindi pop, desi, tamil dance"
25SOVnk2agskqzqeKPcx2Q,Ennamo Yeadho,Harris Jayaraj,KO (Original Motion Picture Soundtrack),2011-01-17,60,333600,"tamil pop, kollywood, tamil dance",https://i.scdn.co/image/ab67616d0000b27378a96ace966dd335eb2c4608,"Harris Jayaraj KO (Original Motion Picture Soundtrack) tamil pop, kollywood, tamil dance"
5qUUHbdBGrTdYVJdU203tH,Thangamey,Anirudh Ravichander,Thangamey (From Naanum Rowdy Dhaan) (Single),2015-09-23,0,262539,"tamil pop, kollywood, tamil dance, tollywood, tamil hip hop, telugu pop",https://i.scdn.co/image/ab67616d0000b273cb75ed4870b628930f4ecd01,"Anirudh Ravichander Thangamey (From Naanum Rowdy Dhaan) (Single) tamil pop, kollywood, tamil dance, tollywood, tamil hip hop, telugu pop"
6KWsuiBTwYuAteJE7KroeS,Vaadi Vaadi,Ghibran,Chennai 2 Singapore (Original Motion Picture Soundtrack),2016-09-05,37,230391,"tamil pop, kollywood, devotional",https://i.scdn.co/image/ab67616d0000b273ccdc6d447adb386811428a44,"Ghibran Chennai 2 Singapore (Original Motion Picture Soundtrack) tamil pop, kollywood, devotional"
5jOyihaZdfIp5Frb3FTGuF,"Hosanna (From ""Vinnathaandi Varuvaayaa"")",A.R. Rahman,Playback: Kaadhal Galatta - Fun Tamil Love Songs,2015-02-12,18,330546,"tamil pop, kollywood, bollywood, sufi, hindi pop, desi, tamil dance",https://i.scdn.co/image/ab67616d0000b2730114543aaab6382e633ceb1d,"A.R. Rahman Playback: Kaadhal Galatta - Fun Tamil Love Songs tamil pop, kollywood, bollywood, sufi, hindi pop, desi, tamil dance"
0LA3US8io1lgFoY7YSypct,Varayo En Thozhi,Sonu Nigam,Jeans (Original Motion Picture Soundtrack),1998-06-27,43,348163,"kannada pop, bollywood, sandalwood, hindi pop, desi, marathi pop",https://i.scdn.co/image/ab67616d0000b27378248070d378199ec5a2f7c8,"Sonu Nigam Jeans (Original Motion Picture Soundtrack) kannada pop, bollywood, sandalwood, hindi pop, desi, marathi pop"
4g9VvOS1WpFp2FZVSzvIZA,Poovukkul,Unnikrishnan,Jeans (Original Motion Picture Soundtrack),1998-06-27,56,413425,"tamil pop, kollywood, telugu pop, tollywood",https://i.scdn.co/image/ab67616d0000b27378248070d378199ec5a2f7c8,"Unnikrishnan Jeans (Original Motion Picture Soundtrack) tamil pop, kollywood, telugu pop, tollywood"
5XI8QHHWAF1iEhKNnnOqct,Kannuodu Kaanbadhalam,Nithyasree,Jeans (Original Motion Picture Soundtrack),1998-06-27,55,309735,"tamil pop, kollywood",https://i.scdn.co/image/ab67616d0000b27378248070d378199ec5a2f7c8,"Nithyasree Jeans (Original Motion Picture Soundtrack) tamil pop, kollywood"
68dGKf5eIchw0bxpuhk4g8,"Adiyae Azhagae - From ""Oru Naal Koothu""",Justin Prabhakaran,"Adiyae Azhagae (From ""Oru Naal Koothu"")",2015-10-08,60,289404,"tollywood, telugu pop, tamil pop, kollywood",https://i.scdn.co/image/ab67616d0000b273dbf94edea716d4c16234757f,"Justin Prabhakaran Adiyae Azhagae (From ""Oru Naal Koothu"") tollywood, telugu pop, tamil pop, kollywood"
5LUWhfLyBZ4BoSXjFrymts,Columbus Columbus,A.R. Rahman,Jeans (Original Motion Picture Soundtrack),1998-06-27,47,292226,"tamil pop, kollywood, bollywood, sufi, hindi pop, desi, tamil dance",https://i.scdn.co/image/ab67616d0000b27378248070d378199ec5a2f7c8,"A.R. Rahman Jeans (Original Motion Picture Soundtrack) tamil pop, kollywood, bollywood, sufi, hindi pop, desi, tamil dance"
5FfRt0NaBuDIHpRgsiCkWu,Anbae Anbae,Hariharan,Jeans (Original Motion Picture Soundtrack),1998-06-27,56,332428,"bhajan, tamil pop, ghazal, kollywood, devotional, telugu pop",https://i.scdn.co/image/ab67616d0000b27378248070d378199ec5a2f7c8,"Hariharan Jeans (Original Motion Picture Soundtrack) bhajan, tamil pop, ghazal, kollywood, devotional, telugu pop"
2yqDYVdqDTdLCapVQC4Ai7,Yaro Yarodi,Mahalakshmi Iyer,Alaipayuthey (Original Motion Picture Soundtrack),2000-12-31,0,344840,"bollywood, desi, hindi pop",https://i.scdn.co/image/ab67616d0000b27311d08632cead4b3c78756af0,"Mahalakshmi Iyer Alaipayuthey (Original Motion Picture Soundtrack) bollywood, desi, hindi pop"
1EZhqgL0GEazZRiiNCTUIe,September Madham,Asha Bhosle,Alaipayuthey (Original Motion Picture Soundtrack),2000-12-31,0,307013,"ghazal, marathi pop, bangla pop, bollywood, hindi pop",https://i.scdn.co/image/ab67616d0000b27311d08632cead4b3c78756af0,"Asha Bhosle Alaipayuthey (Original Motion Picture Soundtrack) ghazal, marathi pop, bangla pop, bollywood, hindi pop"
7AkzozQlhMtap4UReNhFKJ,Pachai Nirame,Hariharan,Alaipayuthey (Original Motion Picture Soundtrack),2000-12-31,0,358560,"bhajan, tamil pop, ghazal, kollywood, devotional, telugu pop",https://i.scdn.co/image/ab67616d0000b27311d08632cead4b3c78756af0,"Hariharan Alaipayuthey (Original Motion Picture Soundtrack) bhajan, tamil pop, ghazal, kollywood, devotional, telugu pop"
2uMna3stB334N2PyWJyVAx,Kadhal Sadugudu,S.P. Charan,Alaipayuthey (Original Motion Picture Soundtrack),2000-12-31,0,273866,"telugu pop, tollywood, tamil pop, kollywood",https://i.scdn.co/image/ab67616d0000b27311d08632cead4b3c78756af0,"S.P. Charan Alaipayuthey (Original Motion Picture Soundtrack) telugu pop, tollywood, tamil pop, kollywood"
05lZgm6JlKxKbTXeHYzIG1,Evano Oruvan,Swarnalatha,Alaipayuthey (Original Motion Picture Soundtrack),2000-12-31,0,356413,"tamil pop, tamil dance, kollywood",https://i.scdn.co/image/ab67616d0000b27311d08632cead4b3c78756af0,"Swarnalatha Alaipayuthey (Original Motion Picture Soundtrack) tamil pop, tamil dance, kollywood"
2HKoYSvQNq9Tx7KjpiBiYM,Alaipayuthey,Kalyani Menon,Alaipayuthey (Original Motion Picture Soundtrack),2000-12-31,0,221266,"tamil pop, malayalam pop, kollywood, telugu pop, tollywood",https://i.scdn.co/image/ab67616d0000b27311d08632cead4b3c78756af0,"Kalyani Menon Alaipayuthey (Original Motion Picture Soundtrack) tamil pop, malayalam pop, kollywood, telugu pop, tollywood"
1xMjm5Qar9oGMgoSZxRb6h,Oday Oday,G. V. Prakash,Raja Rani (Original Motion Picture Soundtrack),2013-08-23,43,271000,"tamil pop, kollywood, tamil dance, tollywood, tamil hip hop",https://i.scdn.co/image/ab67616d0000b27384e60191c6706523261a8bef,"G. V. Prakash Raja Rani (Original Motion Picture Soundtrack) tamil pop, kollywood, tamil dance, tollywood, tamil hip hop"
1j43t49cLbeCiRpwTsAq4B,Yenna Solla Pogirai,Shankar Mahadevan,Introducing Shankar Mahadevan: The Voice Of India Today,2007-04-24,0,359920,"bollywood, marathi pop, bhajan, devotional, desi, tamil dance, hindi pop, tamil pop, sufi",https://i.scdn.co/image/ab67616d0000b27359c821164ca7d426bc6a3096,"Shankar Mahadevan Introducing Shankar Mahadevan: The Voice Of India Today bollywood, marathi pop, bhajan, devotional, desi, tamil dance, hindi pop, tamil pop, sufi"
7lnRiEP7BHXuILXNY9MH8f,Otha Sollaala,G. V. Prakash,Aadukalam (Original Motion Picture Soundtrack),2010-11-08,63,238986,"tamil pop, kollywood, tamil dance, tollywood, tamil hip hop",https://i.scdn.co/image/ab67616d0000b27334b1bdfeeb594c3295a2c17f,"G. V. Prakash Aadukalam (Original Motion Picture Soundtrack) tamil pop, kollywood, tamil dance, tollywood, tamil hip hop"
5S58zsYhVV4loJFTOrxFDE,Sandhipoma,A.R. Rahman,Enakku 20 Unakku 18,2003-12-05,0,336128,"tamil pop, kollywood, bollywood, sufi, hindi pop, desi, tamil dance",https://i.scdn.co/image/ab67616d0000b2738b2f8fbf833254e2822a60fd,"A.R. Rahman Enakku 20 Unakku 18 tamil pop, kollywood, bollywood, sufi, hindi pop, desi, tamil dance"
6wBXSf1chpnyXGOSvANs0a,Thalli Pogathey,A.R. Rahman,Achcham Yenbadhu Madamaiyada (Original Motion Picture Soundtrack),2016-06-20,0,268055,"tamil pop, kollywood, bollywood, sufi, hindi pop, desi, tamil dance",https://i.scdn.co/image/ab67616d0000b273d2c57132f48f437dc2976acc,"A.R. Rahman Achcham Yenbadhu Madamaiyada (Original Motion Picture Soundtrack) tamil pop, kollywood, bollywood, sufi, hindi pop, desi, tamil dance"
4vlMdXsRpAIXYggwbNHZSv,Nenjukkul Peidhidum,Harris Jayaraj,Vaaranam Aayiram (Original Motion Picture Soundtrack),2008-10-08,65,369333,"tamil pop, kollywood, tamil dance",https://i.scdn.co/image/ab67616d0000b273812bfb4e32feb448e527e8b1,"Harris Jayaraj Vaaranam Aayiram (Original Motion Picture Soundtrack) tamil pop, kollywood, tamil dance"
3RTSwqeT3UDNUhMECiJ99K,Udhungada Sangu,Anirudh Ravichander,Wunderboy Anirudh,2016-03-03,0,209640,"tamil pop, kollywood, tamil dance, tollywood, tamil hip hop, telugu pop",https://i.scdn.co/image/ab67616d0000b2738f94bd8e3d094fc64ec2bb0c,"Anirudh Ravichander Wunderboy Anirudh tamil pop, kollywood, tamil dance, tollywood, tamil hip hop, telugu pop"
6vZj02bcQqLTYRAi4jRkw7,Munbe Vaa,A.R. Rahman,Silunu Oru Kadhal,2006-08-02,0,356941,"tamil pop, kollywood, bollywood, sufi, hindi pop, desi, tamil dance",https://i.scdn.co/image/ab67616d0000b273ee67ff5664c9991b2bd2894e,"A.R. Rahman Silunu Oru Kadhal tamil pop, kollywood, bollywood, sufi, hindi pop, desi, tamil dance"
3DU8cZOlFamdmNclaHjJiy,"Kaattrae En Vaasal (Wind) (From ""Rhythm"")",Unnikrishnan,The Music of Madras - A. R. Rahman Hits,2015-12-31,43,378560,"tamil pop, kollywood, telugu pop, tollywood",https://i.scdn.co/image/ab67616d0000b273fae8b192ea64f6c5dacf52d2,"Unnikrishnan The Music of Madras - A. R. Rahman Hits tamil pop, kollywood, telugu pop, tollywood"
102YVYHLNfgkfQP3qvDqsD,Koodamela Koodavechi,D. Imman,Rummy (Original Motion Picture Soundtrack),2013-10-25,61,300373,"tamil pop, tamil dance, kollywood",https://i.scdn.co/image/ab67616d0000b273afb3b966469add924abb08c3,"D. Imman Rummy (Original Motion Picture Soundtrack) tamil pop, tamil dance, kollywood"
7hMKAmUlUUYa5qEiHWK4bk,Pookkal Pookkum,G. V. Prakash,Madharasapattinam (Original Motion Picture Soundtrack),2010-04-04,66,396466,"tamil pop, kollywood, tamil dance, tollywood, tamil hip hop",https://i.scdn.co/image/ab67616d0000b273d496b47f528e298bdaacae30,"G. V. Prakash Madharasapattinam (Original Motion Picture Soundtrack) tamil pop, kollywood, tamil dance, tollywood, tamil hip hop"
65hrZPcYs8AlXbRl8375gO,Azhagiye,A.R. Rahman,Kaatru Veliyidai (Original Motion Picture Soundtrack),2017-03-20,57,224657,"tamil pop, kollywood, bollywood, sufi, hindi pop, desi, tamil dance",https://i.scdn.co/image/ab67616d0000b2737ad03b464912073101d24710,"A.R. Rahman Kaatru Veliyidai (Original Motion Picture Soundtrack) tamil pop, kollywood, bollywood, sufi, hindi pop, desi, tamil dance"
0NlKDGqNJ1is6V8eLBhj7S,"Selfie Pulla (From ""Kaththi"")",Vijay,Kaththi (Original Motion Picture Soundtrack),2014-09-18,0,291002,"tamil pop, tamil dance, kollywood, haryanvi pop",https://i.scdn.co/image/ab67616d0000b273da54b6edee7dcfde6c258f14,"Vijay Kaththi (Original Motion Picture Soundtrack) tamil pop, tamil dance, kollywood, haryanvi pop"
6YcBBZVKYYRirfeAt6BeGA,Machi Open the Bottle,Yuvan Shankar Raja,Mankatha (Original Motion Picture Soundtrack),2011-08-10,59,285973,"tamil pop, kollywood, tamil dance, tamil hip hop, tollywood",https://i.scdn.co/image/ab67616d0000b27324f3ca794c241a2673b8c9a2,"Yuvan Shankar Raja Mankatha (Original Motion Picture Soundtrack) tamil pop, kollywood, tamil dance, tamil hip hop, tollywood"
1TgVIOdcdsPx1sXyVE6aDz,En Frienda Pola,Krish,Nanban (Original Motion Picture Soundtrack),2011-12-23,0,237191,"tamil pop, kollywood, tamil hip hop",https://i.scdn.co/image/ab67616d0000b273105a73df60d84f149d8ddb20,"Krish Nanban (Original Motion Picture Soundtrack) tamil pop, kollywood, tamil hip hop"
2PcgMmmhIZA83kwIYEjR8f,Kalasala Kalasala,Thaman S,Osthe (Original Motion Picture Soundtrack),2011-10-19,62,251813,"tollywood, telugu pop, tamil dance, tamil pop, kollywood, kannada pop",https://i.scdn.co/image/ab67616d0000b2738a24475f112713e524d9a070,"Thaman S Osthe (Original Motion Picture Soundtrack) tollywood, telugu pop, tamil dance, tamil pop, kollywood, kannada pop"
00DMv3gdOFGDBFZ0WuvtXn,Visiri,Darbuka Siva,Visiri (From 'Enai Noki Paayum Thota'),2018-01-01,0,311127,"tamil pop, kollywood",https://i.scdn.co/image/ab67616d0000b2739044a682ba8ba3d2e0ed6bd0,"Darbuka Siva Visiri (From 'Enai Noki Paayum Thota') tamil pop, kollywood"
32A0uFoMdlEB1tlnktxfV9,"Kurukku Siruthvalea ( From ""Mudhalvan"")",Hariharan,Isai Sangamam,2013-06-21,45,398341,"bhajan, tamil pop, ghazal, kollywood, devotional, telugu pop",https://i.scdn.co/image/ab67616d0000b273ebfb6c09b19ca58454811a58,"Hariharan Isai Sangamam bhajan, tamil pop, ghazal, kollywood, devotional, telugu pop"
6LZMyXLR6hU4RkXXeFwhNd,"Uppu Karuvaadu ( From ""Mudhalvan"")",Shankar Mahadevan,A.R.Rahman's - Music Forever,2013-07-18,33,334733,"bollywood, marathi pop, bhajan, devotional, desi, tamil dance, hindi pop, tamil pop, sufi",https://i.scdn.co/image/ab67616d0000b2738aeb25ae1a3d4fbc994d969d,"Shankar Mahadevan A.R.Rahman's - Music Forever bollywood, marathi pop, bhajan, devotional, desi, tamil dance, hindi pop, tamil pop, sufi"
11SvvwLJ9ClLgNOBhADnE2,Vellai Pookal,A.R. Rahman,Kannathil Muthamittal (Original Motion Picture Soundtrack),2002-02-14,0,315977,"tamil pop, kollywood, bollywood, sufi, hindi pop, desi, tamil dance",https://i.scdn.co/image/ab67616d0000b27349768e1037362dedb3519b58,"A.R. Rahman Kannathil Muthamittal (Original Motion Picture Soundtrack) tamil pop, kollywood, bollywood, sufi, hindi pop, desi, tamil dance"
1hEjxkQ0vcWmrYtGlQr2IC,"Devathaiya Kandein (From ""Kadhal Kondaen"")",Harish Raghavendra,Youth Beats - Hits of A.R.Rahman and Yuvan Shankar Raja,2013-07-23,0,310612,"tamil pop, kollywood, telugu pop, tollywood",https://i.scdn.co/image/ab67616d0000b273062d3faccfcbee2ff4f250ac,"Harish Raghavendra Youth Beats - Hits of A.R.Rahman and Yuvan Shankar Raja tamil pop, kollywood, telugu pop, tollywood"
5jOi67yXzjpMdl6KFNWSIe,Usure Pogudhey,A.R. Rahman,Raavanan (Original Motion Picture Soundtrack),2010-10-14,63,366506,"tamil pop, kollywood, bollywood, sufi, hindi pop, desi, tamil dance",https://i.scdn.co/image/ab67616d0000b2735db9a5994534b00e3ece84a9,"A.R. Rahman Raavanan (Original Motion Picture Soundtrack) tamil pop, kollywood, bollywood, sufi, hindi pop, desi, tamil dance"
7d1NhML57HjWc4yjis1CQX,Rasaali,A.R. Rahman,Achcham Yenbadhu Madamaiyada (Original Motion Picture Soundtrack),2016-06-20,0,338399,"tamil pop, kollywood, bollywood, sufi, hindi pop, desi, tamil dance",https://i.scdn.co/image/ab67616d0000b273d2c57132f48f437dc2976acc,"A.R. Rahman Achcham Yenbadhu Madamaiyada (Original Motion Picture Soundtrack) tamil pop, kollywood, bollywood, sufi, hindi pop, desi, tamil dance"
5Gd3pzjK9F7caWRS1fMD68,Melliname,Harish Raghavendra,Shajahaan,2001-05-09,62,326008,"tamil pop, kollywood, telugu pop, tollywood",https://i.scdn.co/image/ab67616d0000b273f4ed7fcf0ad41f416974dc6d,"Harish Raghavendra Shajahaan tamil pop, kollywood, telugu pop, tollywood"
6vztfVJ1lTWe23YMNv6Pk1,Hasili Fisiliye,Harris Jayaraj,Aadhavan (Original Motion Picture Soundtrack),2009-08-09,59,318266,"tamil pop, kollywood, tamil dance",https://i.scdn.co/image/ab67616d0000b273555862c7f059ba85617a68ee,"Harris Jayaraj Aadhavan (Original Motion Picture Soundtrack) tamil pop, kollywood, tamil dance"
3yzG1rkCOieELsPAPj6x8f,Ale Ale,A.R. Rahman,Boys,2003-06-28,0,385786,"tamil pop, kollywood, bollywood, sufi, hindi pop, desi, tamil dance",https://i.scdn.co/image/ab67616d0000b27306b5973bc76a7e2556e2616a,"A.R. Rahman Boys tamil pop, kollywood, bollywood, sufi, hindi pop, desi, tamil dance"
0jNfdNjKTIRephxTIHizt5,Vizhigalil Vizhigalil,Harish Raghavendra,Thiruvilayadal Arambam (Original Motion Picture Soundtrack),2006-12-01,37,286253,"tamil pop, kollywood, telugu pop, tollywood",https://i.scdn.co/image/ab67616d0000b273fb63bcf8cad545d7a92e8d04,"Harish Raghavendra Thiruvilayadal Arambam (Original Motion Picture Soundtrack) tamil pop, kollywood, telugu pop, tollywood"
2o5plMHeOlz9O1yvQM7Pwf,Verenna Ivan Yaro,Unnikrishnan,Minnale (Original Motion Picture Soundtrack),1962-01-02,0,324938,"tamil pop, kollywood, telugu pop, tollywood",https://i.scdn.co/image/ab67616d0000b273b8504efae4eb2430d996ecdb,"Unnikrishnan Minnale (Original Motion Picture Soundtrack) tamil pop, kollywood, telugu pop, tollywood"
4suBfHuR3MS4d0Wc1nWz0s,En Anbe,Harris Jayaraj,Sathyam,2008-07-20,0,367001,"tamil pop, kollywood, tamil dance",https://i.scdn.co/image/ab67616d0000b27334b0c6a4d90b6347e2687c1a,"Harris Jayaraj Sathyam tamil pop, kollywood, tamil dance"
3BWDyIgqYJtK1DH7cpXzdF,Venmathiye,Tippu,Minnale (Original Motion Picture Soundtrack),1962-01-02,0,326960,"tamil dance, kannada pop, tamil pop, kollywood, telugu pop, tollywood, sandalwood",https://i.scdn.co/image/ab67616d0000b273b8504efae4eb2430d996ecdb,"Tippu Minnale (Original Motion Picture Soundtrack) tamil dance, kannada pop, tamil pop, kollywood, telugu pop, tollywood, sandalwood"
1n5gnI3Wue9WBpYFOIQNh1,Mundhinam,Harris Jayaraj,Vaaranam Aayiram (Original Motion Picture Soundtrack),2008-10-08,65,341386,"tamil pop, kollywood, tamil dance",https://i.scdn.co/image/ab67616d0000b273812bfb4e32feb448e527e8b1,"Harris Jayaraj Vaaranam Aayiram (Original Motion Picture Soundtrack) tamil pop, kollywood, tamil dance"
13wIQbwSuQ4YFvDvtQgSVc,Vaarayo Vaarayo,Harris Jayaraj,Aadhavan (Original Motion Picture Soundtrack),2009-08-09,64,316680,"tamil pop, kollywood, tamil dance",https://i.scdn.co/image/ab67616d0000b273555862c7f059ba85617a68ee,"Harris Jayaraj Aadhavan (Original Motion Picture Soundtrack) tamil pop, kollywood, tamil dance"
1wIfq9Zul77qAtokyLTlXr,Ava Enna,Harris Jayaraj,Vaaranam Aayiram (Original Motion Picture Soundtrack),2008-10-08,64,318493,"tamil pop, kollywood, tamil dance",https://i.scdn.co/image/ab67616d0000b273812bfb4e32feb448e527e8b1,"Harris Jayaraj Vaaranam Aayiram (Original Motion Picture Soundtrack) tamil pop, kollywood, tamil dance"
2WO5nzB7QtKn9ZRc9Jkalt,Annul Maelae,Harris Jayaraj,Vaaranam Aayiram (Original Motion Picture Soundtrack),2008-10-08,64,322506,"tamil pop, kollywood, tamil dance",https://i.scdn.co/image/ab67616d0000b273812bfb4e32feb448e527e8b1,"Harris Jayaraj Vaaranam Aayiram (Original Motion Picture Soundtrack) tamil pop, kollywood, tamil dance"
0ceIl3lqBkRnS1K7WQ2C8Q,Maro Maro,Tippu,Bunny,2005-03-26,37,307591,"tamil dance, kannada pop, tamil pop, kollywood, telugu pop, tollywood, sandalwood",https://i.scdn.co/image/ab67616d0000b2739e2f2fd01a48d0d59f019063,"Tippu Bunny tamil dance, kannada pop, tamil pop, kollywood, telugu pop, tollywood, sandalwood"
646diZuMDgdX1ffsnCHeP1,Sarigame,Lucky Ali,Boys,2003-07-29,37,368274,"desi pop, bollywood, hindi indie, indian indie, hindi pop",https://i.scdn.co/image/ab67616d0000b273cec3a015f7b46aba44effb89,"Lucky Ali Boys desi pop, bollywood, hindi indie, indian indie, hindi pop"
3lMCCe4V2NYP5SBjnGv9aQ,Dating,A.R. Rahman,Boys,2003-06-28,0,304026,"tamil pop, kollywood, bollywood, sufi, hindi pop, desi, tamil dance",https://i.scdn.co/image/ab67616d0000b27306b5973bc76a7e2556e2616a,"A.R. Rahman Boys tamil pop, kollywood, bollywood, sufi, hindi pop, desi, tamil dance"
112NWXkWGOmGwzzEVlLfkA,Enge Ponaalum (Prayer Song),Siddarth Vippin,Idharkuthaane Aasaipattai Balakumara (Original Motion Picture Soundtrack),2013-08-30,0,275675,,https://i.scdn.co/image/ab67616d0000b273dc5c1540c020ef064942adfb,Siddarth Vippin Idharkuthaane Aasaipattai Balakumara (Original Motion Picture Soundtrack) 
0QPriddK8uzxoztsPBqGZc,"Oru Maalai - Language: Tamil; Film: Ghajini; Film Artists: Surya, Asin",Karthik,Ghajini,2005-01-01,0,353946,"telugu pop, tollywood, tamil pop, kollywood, kannada pop, tamil dance, malayalam pop, mollywood",https://i.scdn.co/image/ab67616d0000b273aace3376bb9d27d84b990a85,"Karthik Ghajini telugu pop, tollywood, tamil pop, kollywood, kannada pop, tamil dance, malayalam pop, mollywood"
5chM2OW3FZKuAM1SrvVFrv,Thottal Poomalarum,Hariharan,New (Original Motion Picture Soundtrack),2004-06-17,46,333120,"bhajan, tamil pop, ghazal, kollywood, devotional, telugu pop",https://i.scdn.co/image/ab67616d0000b273fda49084bac5a1ebf4385bf3,"Hariharan New (Original Motion Picture Soundtrack) bhajan, tamil pop, ghazal, kollywood, devotional, telugu pop"
4sPItJEXKBQWxBCLf2S2Lu,"Santhosha kanneere (From ""Uyire"")",Ta'mil,Hits of A.R.Rahman Nenjame,2013-12-25,46,407013,,https://i.scdn.co/image/ab67616d0000b273e0cb6e23d21ad2f9f597b64b,Ta'mil Hits of A.R.Rahman Nenjame 
74IE3QmRR07So8TE0320Oa,Mazhai Kuruvi,A.R. Rahman,Mazhai Kuruvi,2018-09-05,54,348206,"tamil pop, kollywood, bollywood, sufi, hindi pop, desi, tamil dance",https://i.scdn.co/image/ab67616d0000b273d31cd236fb472b93c0a0e6c9,"A.R. Rahman Mazhai Kuruvi tamil pop, kollywood, bollywood, sufi, hindi pop, desi, tamil dance"
4FyZDLPO1ErUjzwnLrCLTA,Maruvaarthai,Sid Sriram,Maruvaarthai (From 'Enai Noki Paayum Thota'),2017-02-11,0,356718,"tollywood, telugu pop, tamil pop, kollywood",https://i.scdn.co/image/ab67616d0000b2738b9642b32a0bf6c3d85e96da,"Sid Sriram Maruvaarthai (From 'Enai Noki Paayum Thota') tollywood, telugu pop, tamil pop, kollywood"
7E2Hxm9THENrvokBvbiSZj,"Puyalae Puyalae (From ""Kovil"")",Karthik,Kalakal Dance Hits,2013-07-18,17,298855,"telugu pop, tollywood, tamil pop, kollywood, kannada pop, tamil dance, malayalam pop, mollywood",https://i.scdn.co/image/ab67616d0000b2731187a531854a765f273b6da6,"Karthik Kalakal Dance Hits telugu pop, tollywood, tamil pop, kollywood, kannada pop, tamil dance, malayalam pop, mollywood"
0xttqqTj7ZAGyVkfOYxQ4F,Nee Paartha Vizhigal - The Touch of Love,Anirudh Ravichander,3 (Original Motion Picture Soundtrack),2011-12-23,68,264506,"tamil pop, kollywood, tamil dance, tollywood, tamil hip hop, telugu pop",https://i.scdn.co/image/ab67616d0000b2730d66934f5370419636c78f18,"Anirudh Ravichander 3 (Original Motion Picture Soundtrack) tamil pop, kollywood, tamil dance, tollywood, tamil hip hop, telugu pop"
5b1zcET4JFw1BHh8rsjHq3,Thangamey,Anirudh Ravichander,Wunderboy Anirudh,2016-03-03,0,262539,"tamil pop, kollywood, tamil dance, tollywood, tamil hip hop, telugu pop",https://i.scdn.co/image/ab67616d0000b2738f94bd8e3d094fc64ec2bb0c,"Anirudh Ravichander Wunderboy Anirudh tamil pop, kollywood, tamil dance, tollywood, tamil hip hop, telugu pop"
00QuXoF6LyKwH9xz7lXGdf,Kurukku Siruthvalea (From Mudhalvan),Hariharan,Singer Special Hariharan and K.J.Jesudas,2013-05-13,53,398341,"bhajan, tamil pop, ghazal, kollywood, devotional, telugu pop",https://i.scdn.co/image/ab67616d0000b273d6f63aefe2221a24e7043827,"Hariharan Singer Special Hariharan and K.J.Jesudas bhajan, tamil pop, ghazal, kollywood, devotional, telugu pop"
6wdyJnmcSeBXUyR6H5gGKd,Suttum Vizhi,Sriram Parthasarathy,Ghajini (Original Motion Picture Soundtrack),2005,60,318600,"tamil pop, kollywood",https://i.scdn.co/image/ab67616d0000b27396fa4201ff42cd2dcfef14c4,"Sriram Parthasarathy Ghajini (Original Motion Picture Soundtrack) tamil pop, kollywood"
1qfanYrmrh7xDSvt15acZ3,Oru Maalai,Karthik,Ghajini (Original Motion Picture Soundtrack),2005,61,354240,"telugu pop, tollywood, tamil pop, kollywood, kannada pop, tamil dance, malayalam pop, mollywood",https://i.scdn.co/image/ab67616d0000b27396fa4201ff42cd2dcfef14c4,"Karthik Ghajini (Original Motion Picture Soundtrack) telugu pop, tollywood, tamil pop, kollywood, kannada pop, tamil dance, malayalam pop, mollywood"
0OgazYID6CUlSeiAoeuf5B,"Jigidi Killaadi (From ""Pattas"")",Anirudh Ravichander,"Jigidi Killaadi (From ""Pattas"")",2019-12-26,0,218915,"tamil pop, kollywood, tamil dance, tollywood, tamil hip hop, telugu pop",https://i.scdn.co/image/ab67616d0000b273ae03abaea85fda9eb33c3699,"Anirudh Ravichander Jigidi Killaadi (From ""Pattas"") tamil pop, kollywood, tamil dance, tollywood, tamil hip hop, telugu pop"
2DoaVDkQT4g0lKmMNTwvTc,Aathichudi (From 'TN 07 AL 4777'),"Vijay Antony,Dinesh Kanagaratnam",Best Of Vijay Antony,2019-07-12,0,251210,,https://i.scdn.co/image/ab67616d0000b273ee0a843519fd46b96a85dc38,"Vijay Antony,Dinesh Kanagaratnam Best Of Vijay Antony "
1hLIKcQCD7i1AwLfnGrwWX,June Ponal,Krishh,Unnale Unnale (Original Motion Picture Soundtrack),2006-12-31,44,361533,"tamil pop, kollywood, telugu pop, tollywood, tamil dance",https://i.scdn.co/image/ab67616d0000b27318bd30991b8bdd303df0f44e,"Krishh Unnale Unnale (Original Motion Picture Soundtrack) tamil pop, kollywood, telugu pop, tollywood, tamil dance"
6Y6reEM6kcr2m1Es3YbUGI,Mudhal Naal,K.K Mahalakshmi,Unnale Unnale (Original Motion Picture Soundtrack),2006-12-31,29,267013,"tamil pop, kollywood",https://i.scdn.co/image/ab67616d0000b27318bd30991b8bdd303df0f44e,"K.K Mahalakshmi Unnale Unnale (Original Motion Picture Soundtrack) tamil pop, kollywood"
4Va9qUpMta6PavfMwYI8MI,Unnaale Unnaale,Karthik,Unnale Unnale (Original Motion Picture Soundtrack),2006-12-31,44,283373,"telugu pop, tollywood, tamil pop, kollywood, kannada pop, tamil dance, malayalam pop, mollywood",https://i.scdn.co/image/ab67616d0000b27318bd30991b8bdd303df0f44e,"Karthik Unnale Unnale (Original Motion Picture Soundtrack) telugu pop, tollywood, tamil pop, kollywood, kannada pop, tamil dance, malayalam pop, mollywood"
4GHobeaUTnW0hZGzX8zGEO,Naan Pizhaippeno,Sathyaprakash,Naan Pizhaippeno (From 'Enai Noki Paayum Thota'),2017-03-26,0,361463,"tamil pop, kollywood, tamil indie, tamil dance",https://i.scdn.co/image/ab67616d0000b27377ae5a6634a5a9023e436b59,"Sathyaprakash Naan Pizhaippeno (From 'Enai Noki Paayum Thota') tamil pop, kollywood, tamil indie, tamil dance"
3JNgvfMjwnAlA45Jt190rI,Mambazhamam Mambazham,Mani Sharma,Pokkiri,2006-12-15,0,279320,"tamil dance, telugu pop, tollywood, tamil pop, kollywood",https://i.scdn.co/image/ab67616d0000b27348c1d6b2a33fa21eba1a5adb,"Mani Sharma Pokkiri tamil dance, telugu pop, tollywood, tamil pop, kollywood"
5PGMCQZR2AnFXSYvUxVb30,"Adada Mazhaida (From ""Paiya"")",Yuvan Shankar Raja,My Playlist: Yuvanshankar Raja,2014-08-18,41,267120,"tamil pop, kollywood, tamil dance, tamil hip hop, tollywood",https://i.scdn.co/image/ab67616d0000b273e21201d2afa1618e4d185a76,"Yuvan Shankar Raja My Playlist: Yuvanshankar Raja tamil pop, kollywood, tamil dance, tamil hip hop, tollywood"
